{"cameraMode":{"drawMode":0,"name":"Shaded","section":"Shading Mode"},"sceneLighting":true,"audioPlay":false,"sceneViewState":{"showFog":true,"showMaterialUpdate":true,"showSkybox":true,"showFlares":true,"showImageEffects":true,"showParticleSystems":true},"in2DMode":false,"pivot":{"x":8.250432968139649,"y":1.9127697944641114,"z":-41.06529235839844},"rotation":{"x":-0.08029013127088547,"y":-0.8307086229324341,"z":0.12427446246147156,"w":-0.5366892218589783},"size":2.353844165802002,"orthographic":false}